{"cameraMode":{"drawMode":0,"name":"Shaded","section":"Shading Mode"},"sceneLighting":false,"audioPlay":false,"sceneViewState":{"showFog":true,"showMaterialUpdate":false,"showSkybox":false,"showFlares":true,"showImageEffects":true,"showParticleSystems":true},"in2DMode":false,"pivot":{"x":-1.0040454864501954,"y":-0.33914732933044436,"z":159.99366760253907},"rotation":{"x":0.060921184718608859,"y":-0.6717316508293152,"z":0.05595991015434265,"w":0.7362719178199768},"size":4.344781398773193,"orthographic":false}