{"cameraMode":{"drawMode":0,"name":"Shaded","section":"Shading Mode"},"sceneLighting":false,"audioPlay":false,"sceneViewState":{"showFog":true,"showMaterialUpdate":false,"showSkybox":false,"showFlares":true,"showImageEffects":true,"showParticleSystems":true},"in2DMode":false,"pivot":{"x":-1.2267117500305176,"y":10.899849891662598,"z":-14.542132377624512},"rotation":{"x":0.11401227861642838,"y":0.031265534460544589,"z":-0.003482557600364089,"w":0.9930375218391419},"size":2.753634452819824,"orthographic":false}