{"cameraMode":{"drawMode":0,"name":"Shaded","section":"Shading Mode"},"sceneLighting":false,"audioPlay":false,"sceneViewState":{"showFog":true,"showMaterialUpdate":false,"showSkybox":false,"showFlares":true,"showImageEffects":true,"showParticleSystems":true},"in2DMode":false,"pivot":{"x":240.9482879638672,"y":403.51727294921877,"z":37.4935302734375},"rotation":{"x":0.08979634940624237,"y":-0.7252014875411987,"z":0.09665950387716294,"w":0.6758964657783508},"size":2.1003541946411135,"orthographic":false}